,filename,len_in_sec,sr,num_hops,OVRL_raw,SIG_raw,BAK_raw,OVRL,SIG,BAK,P808_MOS
0,/home/boo_chmo/dsp_hw/output/hw_2/snr_5.wav,10.0,16000,1,1.3859755992889404,2.2740061283111572,1.2698442935943604,1.462056729160348,2.347208505137775,1.43501434658041,2.4289047718048096
1,/home/boo_chmo/dsp_hw/output/hw_2/snr_-5.wav,10.0,16000,1,0.9746108055114746,1.0306895971298218,1.0461091995239258,1.068898643577604,1.1743444518816657,1.1432154263845475,2.198391914367676
2,/home/boo_chmo/dsp_hw/output/hw_2/snr_0.wav,10.0,16000,1,0.9980722665786743,1.0471543073654175,1.0455563068389893,1.0919375018079593,1.1915724199979643,1.1424780069351368,2.3233156204223633
3,/home/boo_chmo/dsp_hw/output/hw_2/snr_10.wav,10.0,16000,1,2.072110176086426,3.7916648387908936,1.743154764175415,2.0668711917227856,3.4270048851098904,2.0088734398165258,2.7627322673797607
