,filename,len_in_sec,sr,num_hops,OVRL_raw,SIG_raw,BAK_raw,OVRL,SIG,BAK,P808_MOS
0,/home/boo_chmo/dsp_hw/output/hw_3/snr_-5_DeepFilterNet3.wav,10.0,16000,1,1.8374261856079102,2.0692272186279297,3.036644458770752,1.867170514432584,2.171891925247736,3.276240242990184,3.043818235397339
1,/home/boo_chmo/dsp_hw/output/hw_3/snr_10_DeepFilterNet3.wav,10.0,16000,1,3.7783515453338623,3.9751596450805664,4.403913974761963,3.294692519059432,3.531346947209682,4.1368887464196895,3.9946670532226562
2,/home/boo_chmo/dsp_hw/output/hw_3/snr_5_DeepFilterNet3.wav,10.0,16000,1,3.390291452407837,3.636563777923584,4.126101493835449,3.0500540007220254,3.3343986136452997,4.001867003172597,3.9385650157928467
3,/home/boo_chmo/dsp_hw/output/hw_3/snr_0_DeepFilterNet3.wav,10.0,16000,1,2.4838666915893555,2.8716061115264893,3.18703556060791,2.399238741790311,2.818564395553177,3.395002616618978,3.405594825744629
