deg,mos_pred,noi_pred,dis_pred,col_pred,loud_pred,model
snr_-5_DeepFilterNet3.wav,3.0952358,3.0875075,4.0781465,3.6955316,3.8067248,NISQAv2
snr_0_DeepFilterNet3.wav,3.9001713,3.557959,4.28046,4.0747895,4.150477,NISQAv2
snr_5_DeepFilterNet3.wav,4.40212,4.252387,4.4855533,4.2658296,4.411184,NISQAv2
snr_10_DeepFilterNet3.wav,4.507142,4.1689267,4.543676,4.2390294,4.4209867,NISQAv2
